<?xml version="1.0" encoding="UTF-8"?>
<project-private xmlns="http://www.netbeans.org/ns/project-private/1">
    <editor-bookmarks xmlns="http://www.netbeans.org/ns/editor-bookmarks/2" lastBookmarkId="0"/>
    <open-files xmlns="http://www.netbeans.org/ns/projectui-open-files/2">
        <group>
            <file>file:/C:/Users/MSI%20Gaming/Downloads/J1.S.P0101_Employee_management/src/Main.java</file>
            <file>file:/C:/Users/MSI%20Gaming/Downloads/J1.S.P0101_Employee_management/src/View.java</file>
            <file>file:/C:/Users/MSI%20Gaming/Downloads/J1.S.P0101_Employee_management/src/DataInput.java</file>
            <file>file:/C:/Users/MSI%20Gaming/Downloads/J1.S.P0101_Employee_management/src/entity/Employee.java</file>
            <file>file:/C:/Users/MSI%20Gaming/Downloads/J1.S.P0101_Employee_management/src/EmployeeManagement.java</file>
        </group>
    </open-files>
</project-private>
