<?xml version="1.0" encoding="UTF-8"?>
<project-private xmlns="http://www.netbeans.org/ns/project-private/1">
    <editor-bookmarks xmlns="http://www.netbeans.org/ns/editor-bookmarks/2" lastBookmarkId="0"/>
    <open-files xmlns="http://www.netbeans.org/ns/projectui-open-files/2">
        <group>
            <file>file:/D:/JAVA_FU/chiaky21/src/Main.java</file>
            <file>file:/D:/JAVA_FU/chiaky21/src/View.java</file>
            <file>file:/D:/JAVA_FU/chiaky21/src/Student.java</file>
            <file>file:/D:/JAVA_FU/chiaky21/src/Relationship.java</file>
            <file>file:/D:/JAVA_FU/chiaky21/src/Report.java</file>
            <file>file:/D:/JAVA_FU/chiaky21/src/Manager.java</file>
            <file>file:/D:/JAVA_FU/chiaky21/src/Validate.java</file>
        </group>
    </open-files>
</project-private>
